<?xml version="1.0" encoding="UTF-8"?>
<project version="4">
  <component name="ChangeListManager">
    <list default="true" id="ec025bec-d6fb-40c7-95b5-8bf709694ed6" name="Changes" comment="" />
    <option name="SHOW_DIALOG" value="false" />
    <option name="HIGHLIGHT_CONFLICTS" value="true" />
    <option name="HIGHLIGHT_NON_ACTIVE_CHANGELIST" value="false" />
    <option name="LAST_RESOLUTION" value="IGNORE" />
  </component>
  <component name="ProjectId" id="2FAjTksP7nN1CbPsBHiB17vDf0m" />
  <component name="ProjectViewState">
    <option name="hideEmptyMiddlePackages" value="true" />
    <option name="showLibraryContents" value="true" />
  </component>
  <component name="PropertiesComponent"><![CDATA[{
  "keyToString": {
    "RunOnceActivity.OpenProjectViewOnStart": "true",
    "RunOnceActivity.ShowReadmeOnStart": "true",
    "WebServerToolWindowFactoryState": "false",
    "last_opened_file_path": "/Users/huangjiabao/websites/hwweb2/i6.cims.nyu.edu/_scher/Assignment2",
    "vue.rearranger.settings.migration": "true"
  }
}]]></component>
  <component name="SpellCheckerSettings" RuntimeDictionaries="0" Folders="0" CustomDictionaries="0" DefaultDictionary="application-level" UseSingleDictionary="true" transferred="true" />
  <component name="TaskManager">
    <task active="true" id="Default" summary="Default task">
      <changelist id="ec025bec-d6fb-40c7-95b5-8bf709694ed6" name="Changes" comment="" />
      <created>1663941792828</created>
      <option name="number" value="Default" />
      <option name="presentableId" value="Default" />
      <updated>1663941792828</updated>
      <workItem from="1663941794268" duration="11000" />
    </task>
    <servers />
  </component>
  <component name="TypeScriptGeneratedFilesManager">
    <option name="version" value="3" />
  </component>
</project>